{"cameraMode":{"drawMode":0,"name":"Shaded","section":"Shading Mode"},"sceneLighting":false,"audioPlay":false,"sceneViewState":{"showFog":true,"showMaterialUpdate":false,"showSkybox":false,"showFlares":true,"showImageEffects":true,"showParticleSystems":true},"in2DMode":false,"pivot":{"x":449.75030517578127,"y":302.2500305175781,"z":45.39997863769531},"rotation":{"x":0.03372642397880554,"y":0.8656818866729736,"z":-0.059457454830408099,"w":0.4959055483341217},"size":2655.161865234375,"orthographic":true}